id,idProduct,Life,Count,Name,Shop,End
1,6,35,10,Milk,Cow,2023-12-14
2,7,240,21,Персик,Макс-маркет,2023-11-6
3,8,28,98,Лук,Макс-маркет,2024-2-8
4,9,300,33,Редис,Макс-маркет,2024-10-9
5,10,284,21,Помидоры,Магнит,2024-7-28
6,11,24,9,Сахар,Лента,2024-11-17
7,12,320,59,Помидоры,Магнит,2023-1-26
8,13,318,62,Апельсин,Больше-меньше,2023-8-14
9,14,214,59,Мед,Больше-меньше,2024-8-5
10,15,319,34,Сосиски,Больше-меньше,2023-2-6
11,16,287,66,Сырокопчености,Магнит,2023-3-21
12,17,211,8,Морковь,Магнит,2024-1-13
13,18,85,48,Апельсин,Пятерочка,2023-11-17
14,19,267,14,Мука,Перекресток,2024-4-19
15,20,357,11,Йогурт,Перекресток,2024-3-28
16,21,262,44,Молоко,Пятерочка,2023-11-12
17,22,328,48,Груша,Магнит,2023-7-28
18,23,304,34,Колбаса,Лента,2024-6-25
19,24,70,71,Рис,Лента,2024-5-25
20,25,103,10,Чай,Пятерочка,2023-1-15
21,26,48,0,Сметана,Больше-меньше,2024-1-3
22,27,14,84,Йогурт,Лента,2023-4-5
23,28,127,20,Лимон,Больше-меньше,2023-11-3
24,29,310,68,Мука,Больше-меньше,2024-3-10
25,30,180,28,Морковь,Лента,2024-3-9
26,31,118,87,Абрикос,Лента,2024-2-16
27,32,306,63,Рис,Макс-маркет,2023-10-10
28,33,13,0,Фасоль,Больше-меньше,2023-3-21
29,34,88,68,Сахар,Больше-меньше,2023-9-26
30,35,313,47,Яблоко,Лента,2023-4-12
31,36,73,3,Мороженое,Макс-маркет,2024-11-25
32,37,292,60,Смородина,Пятерочка,2023-9-20
33,38,34,40,Клубника,Лента,2023-2-24
34,39,22,32,Зеленый горошек,Перекресток,2024-8-25
35,40,311,75,Баклажан,Перекресток,2023-5-12
36,41,347,69,Творог,Макс-маркет,2024-2-18
37,42,21,44,Апельсин,Больше-меньше,2024-6-18
38,43,357,46,Картофель,Больше-меньше,2024-7-4
39,44,3,85,Чеснок,Перекресток,2023-6-7
40,45,66,39,Апельсин,Пятерочка,2023-4-21
41,46,338,16,Колбаса,Больше-меньше,2024-2-26
42,47,316,29,Милкис,Больше-меньше,2024-2-4
43,48,0,87,Помидоры,Магнит,2024-11-24
44,49,299,30,Яйца,Перекресток,2023-8-12
45,50,358,42,Творог,Пятерочка,2023-9-1
46,51,136,94,Кофе,Больше-меньше,2024-3-14
47,52,135,7,Яйца,Лента,2023-6-21
48,53,187,88,Сливки,Макс-маркет,2023-7-20
49,54,240,85,Слива,Макс-маркет,2023-3-11
50,55,2,9,Перец,Пятерочка,2024-11-24
51,56,107,68,Ветчина,Лента,2023-1-25
52,57,241,77,Кефир,Перекресток,2024-9-28
53,58,324,88,Яйца,Больше-меньше,2023-5-13
54,59,147,60,Абрикос,Лента,2024-1-12
55,60,118,22,Редис,Пятерочка,2024-5-18
56,61,212,11,Томаты,Лента,2023-10-24
57,62,5,49,Кефир,Больше-меньше,2024-2-22
58,63,39,42,Редька,Пятерочка,2023-7-2
59,64,69,64,Мороженое,Магнит,2024-10-20
60,65,119,7,Мука,Макс-маркет,2023-3-5
61,66,332,86,Морковь,Перекресток,2023-3-8
62,67,110,70,Кефир,Лента,2023-8-20
63,68,91,14,Кофе,Лента,2023-4-5
64,69,102,95,Гречка,Магнит,2024-4-10
65,70,191,58,Белокочанная капуста,Лента,2023-9-24
66,71,260,20,Фасоль,Перекресток,2023-2-25
67,72,3,0,Огурцы,Магнит,2024-5-22
68,73,159,42,Баклажан,Магнит,2023-6-24
69,74,192,6,Кофе,Лента,2023-9-8
70,75,121,5,Помидоры,Перекресток,2023-2-9
71,76,31,62,Перец,Макс-маркет,2023-6-22
72,77,234,81,Гречка,Лента,2023-7-17
73,78,91,80,Бекон,Магнит,2024-2-12
74,79,122,83,Яйца,Перекресток,2024-5-6
75,80,14,19,Персик,Лента,2023-8-4
76,81,224,8,Яйца,Макс-маркет,2024-7-7
77,82,191,90,Слива,Макс-маркет,2023-5-6
78,83,164,38,Перец сладкий,Лента,2024-10-16
79,84,346,48,Сливки,Лента,2023-1-27
80,85,241,41,Смородина,Макс-маркет,2024-8-13
81,86,250,87,Сникерс,Больше-меньше,2024-10-24
82,87,269,23,Мороженое,Лента,2023-10-17
83,88,102,79,Гречка,Лента,2023-7-27
84,89,73,62,Йогурт,Пятерочка,2023-11-12
85,90,272,78,Смородина,Магнит,2024-5-14
86,91,343,60,Свекла,Макс-маркет,2023-7-22
87,92,54,88,Яйца,Пятерочка,2024-5-20
88,93,125,83,Перец,Лента,2024-7-23
89,94,62,46,Фасоль,Макс-маркет,2023-1-11
90,95,196,25,Чай,Макс-маркет,2023-1-18
91,96,197,65,Гречка,Лента,2023-3-23
92,97,304,14,Кофе,Магнит,2023-4-17
93,98,253,80,Лимон,Пятерочка,2023-2-4
94,99,330,86,Творог,Пятерочка,2024-7-21
95,100,252,46,Сливки,Лента,2024-2-9
96,101,299,86,Мороженое,Пятерочка,2024-7-21
97,102,211,63,Мука,Больше-меньше,2024-11-28
98,103,59,38,Яблоко,Перекресток,2023-9-18
99,104,219,85,Картофель,Макс-маркет,2024-3-13
100,105,116,61,Апельсин,Пятерочка,2024-5-4
101,106,43,31,Сосиски,Больше-меньше,2023-6-15
102,107,57,84,Кофе,Лента,2024-2-25
103,108,115,68,Перец,Пятерочка,2023-3-20
104,109,246,40,Колбаса,Больше-меньше,2024-8-20
105,110,317,8,Картофель,Пятерочка,2023-7-14
106,111,339,78,Яблоко,Магнит,2023-3-18
107,112,92,43,Яблоко,Магнит,2024-9-3
108,113,293,72,Мясо,Лента,2024-1-18
109,114,165,83,Мука,Перекресток,2024-1-15
110,115,205,28,Сникерс,Лента,2023-6-17
111,116,111,58,Перец сладкий,Магнит,2023-8-27
112,117,222,51,Абрикос,Пятерочка,2023-3-25
113,118,340,21,Укроп,Больше-меньше,2024-4-11
114,119,218,69,Молоко,Магнит,2024-11-26
115,120,251,60,Молоко,Перекресток,2023-2-22
116,121,294,16,Петрушка,Больше-меньше,2023-4-7
117,122,130,60,Перец,Лента,2023-9-15
118,123,92,24,Редька,Перекресток,2023-9-7
119,124,193,83,Томаты,Перекресток,2024-2-11
120,125,13,97,Ветчина,Больше-меньше,2024-7-8
121,126,249,88,Милкис,Перекресток,2023-4-8
122,127,222,92,Укроп,Больше-меньше,2024-7-23
123,128,303,68,Соль,Макс-маркет,2023-5-3
124,129,180,73,Огурцы,Перекресток,2023-6-19
125,130,8,50,Милкис,Перекресток,2024-1-11
126,131,75,53,Смородина,Макс-маркет,2024-9-20
127,132,101,18,Хлеб,Больше-меньше,2024-6-11
128,133,332,4,Клубника,Макс-маркет,2023-4-11
129,134,88,19,Вишня,Макс-маркет,2024-7-4
130,135,221,7,Чай,Магнит,2024-1-9
131,136,49,66,Редис,Больше-меньше,2023-10-12
132,137,28,31,Томаты,Лента,2023-4-7
133,138,6,60,Мука,Больше-меньше,2023-5-10
134,139,4,18,Картошка,Магнит,2023-11-5
135,140,185,84,Перец,Больше-меньше,2023-5-6
136,141,72,27,Вишня,Магнит,2024-7-7
137,142,33,1,Мороженое,Магнит,2023-10-25
138,143,340,0,Слива,Пятерочка,2023-10-19
139,144,238,92,Милкис,Пятерочка,2023-10-5
140,145,288,95,Мука,Лента,2024-1-3
141,146,30,46,Укроп,Магнит,2023-3-5
142,147,198,47,Масло,Лента,2024-3-6
143,148,282,57,Капуста,Лента,2023-9-11
144,149,308,18,Кофе,Магнит,2023-8-10
145,150,310,2,Груша,Перекресток,2024-11-12
146,151,278,84,Картофель,Пятерочка,2024-9-13
147,152,78,83,Йогурт,Макс-маркет,2023-2-15
148,153,321,18,Хлеб,Магнит,2024-6-4
149,154,30,3,Персик,Макс-маркет,2024-5-25
150,155,336,94,Груша,Перекресток,2024-10-12
151,156,349,98,Слива,Пятерочка,2024-9-25
152,157,217,7,Вишня,Магнит,2023-1-20
153,158,187,60,Томаты,Лента,2023-5-16
154,159,242,49,Свекла,Больше-меньше,2024-11-26
155,160,169,8,Творог,Лента,2024-7-5
156,161,262,70,Масло,Больше-меньше,2023-9-6
157,162,315,82,Огурцы,Макс-маркет,2024-1-28
158,163,81,82,Томаты,Макс-маркет,2024-4-18
159,164,220,24,Сосиски,Больше-меньше,2023-2-25
160,165,264,39,Картошка,Пятерочка,2023-5-14
161,166,169,86,Редис,Больше-меньше,2024-8-24
162,167,99,43,Груша,Больше-меньше,2024-2-28
163,168,101,78,Лук,Лента,2023-8-19
164,169,131,43,Картофель,Больше-меньше,2023-3-21
165,170,115,72,Груша,Макс-маркет,2023-2-14
166,171,45,13,Соль,Пятерочка,2023-11-27
167,172,211,3,Сливки,Больше-меньше,2024-8-15
168,173,259,10,Перец сладкий,Пятерочка,2024-4-7
169,174,306,4,Чай,Магнит,2024-10-13
170,175,293,54,Клубника,Больше-меньше,2024-8-5
171,176,343,86,Фасоль,Макс-маркет,2023-6-18
172,177,271,9,Петрушка,Магнит,2024-2-16
173,178,310,84,Перец сладкий,Больше-меньше,2024-7-9
174,179,309,11,Картошка,Пятерочка,2023-3-14
175,180,257,31,Картошка,Магнит,2024-6-9
176,181,102,51,Масло,Лента,2024-8-19
177,182,153,78,Масло,Больше-меньше,2023-3-14
178,183,79,82,Капуста,Магнит,2023-9-5
179,184,17,62,Белокочанная капуста,Лента,2023-4-9
180,185,106,50,Соль,Перекресток,2024-7-12
181,186,39,62,Капуста,Лента,2024-3-15
182,187,174,94,Огурцы,Больше-меньше,2023-5-25
183,188,231,25,Абрикос,Пятерочка,2023-6-25
184,189,333,33,Вишня,Перекресток,2023-3-1
185,190,117,4,Огурец,Пятерочка,2023-1-5
186,191,244,87,Апельсин,Магнит,2024-8-17
187,192,136,31,Капуста,Макс-маркет,2023-2-13
188,193,364,99,Редис,Больше-меньше,2023-1-23
189,194,77,71,Клубника,Перекресток,2024-8-21
190,195,37,57,Слива,Магнит,2024-8-27
191,196,80,34,Укроп,Макс-маркет,2024-5-16
192,197,240,62,Кефир,Больше-меньше,2024-9-21
193,198,134,86,Слива,Больше-меньше,2024-1-22
194,199,349,3,Помидоры,Магнит,2024-10-8
195,200,49,44,Молоко,Пятерочка,2024-9-14
196,201,139,30,Петрушка,Магнит,2024-7-10
197,202,7,77,Свекла,Перекресток,2023-11-11
198,203,151,92,Гречка,Лента,2023-11-17
199,204,69,91,Творог,Пятерочка,2023-5-21
200,205,199,2,Мясо,Магнит,2024-3-27
201,206,83,83,Ветчина,Пятерочка,2024-6-6
202,207,168,83,Сахар,Больше-меньше,2024-7-22
203,208,177,78,Сникерс,Лента,2024-11-28
204,209,191,21,Помидоры,Макс-маркет,2023-1-2
205,210,198,82,Ветчина,Макс-маркет,2024-4-26
206,211,31,99,Сосиски,Магнит,2023-7-10
207,212,298,56,Гречка,Пятерочка,2024-10-6
208,213,289,98,Сахар,Перекресток,2023-10-4
209,214,157,98,Хлеб,Пятерочка,2023-3-7
210,215,17,10,Лимон,Магнит,2024-3-15
211,216,111,1,Персик,Перекресток,2024-6-26
212,217,131,26,Фасоль,Макс-маркет,2023-10-6
213,218,343,87,Мука,Магнит,2024-10-25
214,219,45,56,Свекла,Магнит,2024-1-28
215,220,323,36,Мука,Пятерочка,2023-1-17
216,221,305,37,Перец,Пятерочка,2024-6-28
217,222,15,40,Смородина,Лента,2023-10-16
218,223,225,52,Капуста,Макс-маркет,2023-10-2
219,224,70,73,Яблоко,Лента,2024-11-6
220,225,76,5,Хлеб,Пятерочка,2023-2-11
221,226,333,99,Петрушка,Макс-маркет,2024-11-14
222,227,33,25,Перец,Лента,2023-2-23
223,228,84,61,Чеснок,Лента,2023-9-27
224,229,163,71,Помидоры,Макс-маркет,2023-2-19
225,230,218,84,Масло,Магнит,2024-8-8
226,231,249,86,Помидоры,Пятерочка,2023-4-7
227,232,202,62,Сосиски,Макс-маркет,2023-3-8
228,233,129,13,Редька,Макс-маркет,2023-8-15
229,234,164,86,Сахар,Пятерочка,2023-7-4
230,235,9,96,Помидоры,Макс-маркет,2023-8-26
231,236,329,83,Морковь,Магнит,2024-8-12
232,237,175,13,Петрушка,Лента,2023-5-20
233,238,166,69,Персик,Магнит,2023-5-4
234,239,45,15,Баклажан,Лента,2023-10-14
235,240,342,90,Сахар,Лента,2024-6-11
236,241,223,96,Перец,Больше-меньше,2024-2-21
237,242,117,89,Мясо,Перекресток,2023-5-4
238,243,38,41,Колбаса,Лента,2023-1-2
239,244,337,46,Лук,Перекресток,2024-5-8
240,245,119,51,Масло,Макс-маркет,2024-2-20
241,246,181,11,Рис,Больше-меньше,2024-1-17
242,247,153,49,Смородина,Пятерочка,2023-4-20
243,248,30,90,Сосиски,Пятерочка,2023-3-17
244,249,136,52,Чеснок,Лента,2024-6-5
245,250,89,46,Слива,Пятерочка,2023-5-19
246,251,231,66,Фасоль,Больше-меньше,2023-9-4
247,252,358,65,Творог,Перекресток,2023-4-15
248,253,90,2,Морковь,Лента,2023-8-4
249,254,74,46,Ветчина,Лента,2024-5-6
250,255,88,26,Морковь,Лента,2023-3-17
251,256,345,18,Капуста,Магнит,2023-2-8
252,257,115,82,Редька,Перекресток,2023-10-11
253,258,14,64,Клубника,Пятерочка,2023-10-23
254,259,85,67,Ветчина,Магнит,2024-7-4
255,260,119,78,Зеленый горошек,Больше-меньше,2023-6-11
256,261,162,87,Картофель,Пятерочка,2024-4-28
257,262,4,53,Белокочанная капуста,Макс-маркет,2023-10-20
258,263,241,72,Ветчина,Перекресток,2023-2-13
259,264,208,57,Соль,Пятерочка,2023-7-23
260,265,219,50,Огурцы,Магнит,2023-11-14
261,266,33,8,Сырокопчености,Перекресток,2024-5-3
262,267,278,5,Картошка,Перекресток,2024-4-5
263,268,108,32,Томаты,Больше-меньше,2024-11-16
264,269,107,14,Редис,Больше-меньше,2023-4-7
265,270,344,50,Масло,Больше-меньше,2024-2-10
266,271,142,16,Морковь,Перекресток,2024-3-9
267,272,299,87,Сливки,Больше-меньше,2024-7-12
268,273,187,89,Баклажан,Больше-меньше,2024-1-13
269,274,32,12,Зеленый горошек,Лента,2024-7-24
270,275,300,61,Фасоль,Лента,2024-1-8
271,276,4,40,Яйца,Магнит,2024-6-25
272,277,285,46,Йогурт,Макс-маркет,2023-9-15
273,278,267,27,Груша,Лента,2023-11-16
274,279,39,50,Вишня,Пятерочка,2024-11-1
275,280,346,42,Картошка,Макс-маркет,2024-1-7
276,281,42,24,Абрикос,Больше-меньше,2023-9-23
277,282,317,72,Бекон,Макс-маркет,2024-2-24
278,283,364,33,Свекла,Пятерочка,2024-7-3
279,284,239,97,Кофе,Макс-маркет,2024-1-19
280,285,35,18,Масло,Магнит,2024-8-23
281,286,221,67,Картофель,Лента,2023-9-23
282,287,46,63,Перец сладкий,Макс-маркет,2024-2-15
283,288,328,15,Сырокопчености,Перекресток,2024-1-26
284,289,5,97,Перец,Макс-маркет,2024-6-4
285,290,300,31,Картофель,Больше-меньше,2024-6-19
286,291,341,13,Творог,Пятерочка,2024-2-24
287,292,73,43,Капуста,Больше-меньше,2024-7-16
288,293,292,69,Хлеб,Лента,2023-8-26
289,294,110,18,Укроп,Лента,2024-10-6
290,295,297,90,Сырокопчености,Лента,2023-1-9
291,296,243,64,Редис,Пятерочка,2023-8-15
292,297,69,9,Белокочанная капуста,Перекресток,2023-5-7
293,298,295,73,Картошка,Магнит,2024-8-10
294,299,56,76,Мороженое,Перекресток,2023-6-5
295,300,166,23,Свекла,Магнит,2024-11-16
296,301,155,17,Сосиски,Лента,2023-1-11
297,302,276,65,Ветчина,Магнит,2023-4-11
298,303,352,44,Сосиски,Магнит,2023-1-18
299,304,131,46,Сырокопчености,Пятерочка,2024-2-13
300,305,226,90,Гречка,Пятерочка,2024-4-9
301,306,308,83,Чеснок,Больше-меньше,2023-2-2
302,307,243,38,Мороженое,Магнит,2023-7-12
303,308,167,42,Милкис,Макс-маркет,2024-6-14
304,309,128,80,Перец сладкий,Лента,2023-6-24
305,310,291,70,Колбаса,Больше-меньше,2023-2-17
306,311,238,27,Мука,Больше-меньше,2023-3-28
307,312,97,71,Сырокопчености,Перекресток,2023-7-10
308,313,74,24,Перец сладкий,Магнит,2023-4-10
309,314,284,54,Чеснок,Пятерочка,2023-9-8
310,315,250,24,Сметана,Лента,2023-3-16
311,316,113,57,Мороженое,Макс-маркет,2023-11-23
312,317,297,32,Смородина,Макс-маркет,2024-6-11
313,318,305,0,Гречка,Пятерочка,2023-10-4
314,319,24,53,Сникерс,Макс-маркет,2024-8-27
315,320,256,11,Мед,Магнит,2024-3-28
316,321,151,35,Сметана,Магнит,2023-1-6
317,322,318,83,Морковь,Перекресток,2023-7-26
318,323,321,31,Слива,Пятерочка,2023-3-15
319,324,332,37,Редис,Макс-маркет,2024-4-13
320,325,65,82,Редька,Больше-меньше,2023-2-19
321,326,114,82,Апельсин,Перекресток,2024-7-4
322,327,131,64,Лимон,Лента,2024-6-19
323,328,154,61,Апельсин,Больше-меньше,2023-9-10
324,329,22,70,Сырокопчености,Перекресток,2024-9-24
325,330,286,97,Мороженое,Макс-маркет,2023-6-26
326,331,57,24,Редька,Магнит,2023-9-24
327,332,176,6,Картошка,Лента,2023-1-1
328,333,18,46,Милкис,Магнит,2023-5-6
329,334,345,81,Смородина,Лента,2023-2-28
330,335,210,52,Апельсин,Макс-маркет,2023-3-23
331,336,321,20,Клубника,Лента,2023-5-1
332,337,111,85,Чай,Макс-маркет,2024-6-7
333,338,145,49,Хлеб,Перекресток,2024-4-20
334,339,95,88,Морковь,Перекресток,2023-3-7
335,340,137,16,Персик,Перекресток,2023-1-17
336,341,350,44,Хлеб,Пятерочка,2023-11-9
337,342,108,46,Фасоль,Лента,2023-3-28
338,343,182,55,Мед,Макс-маркет,2023-8-22
339,344,76,21,Кофе,Пятерочка,2023-11-6
340,345,335,62,Укроп,Макс-маркет,2024-2-9
341,346,92,78,Сырокопчености,Перекресток,2023-5-21
342,347,36,44,Баклажан,Лента,2024-4-6
343,348,319,93,Капуста,Больше-меньше,2023-1-7
344,349,130,74,Мясо,Макс-маркет,2024-4-18
345,350,91,89,Фасоль,Пятерочка,2024-4-23
346,351,355,99,Мед,Магнит,2023-6-6
347,352,116,88,Клубника,Магнит,2023-10-27
348,353,126,72,Сметана,Магнит,2024-10-13
349,354,344,19,Молоко,Лента,2023-9-25
350,355,70,80,Сахар,Пятерочка,2024-1-10
351,356,152,25,Милкис,Лента,2023-8-11
352,357,4,91,Смородина,Больше-меньше,2024-11-6
353,358,25,40,Петрушка,Больше-меньше,2023-4-19
354,359,272,88,Лимон,Пятерочка,2024-4-24
355,360,194,23,Хлеб,Лента,2023-7-28
356,361,172,7,Томаты,Перекресток,2023-1-5
357,362,19,64,Томаты,Перекресток,2024-11-26
358,363,43,68,Помидоры,Лента,2024-10-5
359,364,253,42,Бекон,Пятерочка,2024-4-26
360,365,231,14,Бекон,Магнит,2024-1-5
361,366,153,9,Сахар,Макс-маркет,2024-4-4
362,367,110,40,Морковь,Магнит,2023-10-6
363,368,281,9,Огурцы,Магнит,2024-4-17
364,369,102,27,Баклажан,Перекресток,2023-8-2
365,370,82,70,Яйца,Макс-маркет,2023-6-20
366,371,359,89,Фасоль,Перекресток,2023-9-19
367,372,160,77,Яблоко,Пятерочка,2024-7-27
368,373,69,54,Гречка,Магнит,2023-2-24
369,374,50,21,Чай,Магнит,2023-2-7
370,375,178,5,Чеснок,Больше-меньше,2024-1-14
371,376,75,33,Баклажан,Магнит,2024-11-26
372,377,212,91,Редис,Пятерочка,2023-4-8
373,378,333,85,Редька,Лента,2023-9-22
374,379,80,19,Баклажан,Больше-меньше,2024-3-13
375,380,207,81,Морковь,Перекресток,2023-2-8
376,381,364,92,Мороженое,Больше-меньше,2024-8-28
377,382,200,3,Сахар,Лента,2024-4-9
378,383,151,84,Йогурт,Пятерочка,2023-10-23
379,384,345,22,Белокочанная капуста,Больше-меньше,2023-4-8
380,385,84,44,Творог,Перекресток,2023-3-21
381,386,75,19,Мороженое,Лента,2023-10-12
382,387,334,50,Морковь,Пятерочка,2024-9-13
383,388,242,35,Фасоль,Пятерочка,2023-11-11
384,389,134,69,Мясо,Макс-маркет,2024-1-25
385,390,322,25,Смородина,Макс-маркет,2024-5-17
386,391,68,59,Лук,Макс-маркет,2024-4-28
387,392,163,21,Колбаса,Пятерочка,2023-1-4
388,393,3,76,Яйца,Больше-меньше,2024-1-12
389,394,306,30,Огурцы,Магнит,2024-11-18
390,395,327,94,Чай,Магнит,2024-9-23
391,396,123,22,Лук,Макс-маркет,2023-10-25
392,397,251,58,Чеснок,Макс-маркет,2023-5-19
393,398,153,59,Сникерс,Макс-маркет,2024-8-20
394,399,287,76,Кофе,Больше-меньше,2024-9-10
395,400,243,40,Фасоль,Макс-маркет,2024-1-8
396,401,329,97,Сырокопчености,Пятерочка,2023-4-6
397,402,360,58,Соль,Макс-маркет,2023-9-17
398,403,252,83,Помидоры,Магнит,2023-10-10
399,404,145,90,Огурец,Лента,2023-7-1
400,405,164,71,Редис,Лента,2024-5-6
401,406,28,47,Персик,Перекресток,2024-6-23
402,407,120,9,Огурцы,Магнит,2023-6-13
403,408,50,30,Петрушка,Лента,2023-7-9
404,409,331,97,Мука,Магнит,2023-1-23
405,410,318,24,Сливки,Макс-маркет,2024-2-4
406,411,105,83,Груша,Пятерочка,2023-6-6
407,412,8,87,Фасоль,Макс-маркет,2024-8-27
408,413,57,85,Яблоко,Пятерочка,2024-10-12
409,414,258,45,Милкис,Перекресток,2024-2-13
410,415,315,4,Колбаса,Лента,2024-6-20
411,416,122,92,Мука,Макс-маркет,2023-7-24
412,417,293,53,Кефир,Больше-меньше,2023-2-27
413,418,253,58,Редис,Больше-меньше,2023-6-9
414,419,48,37,Хлеб,Больше-меньше,2023-4-19
415,420,102,34,Сникерс,Больше-меньше,2024-11-3
416,421,277,29,Мука,Лента,2024-6-13
417,422,178,3,Капуста,Магнит,2024-6-8
418,423,0,56,Сметана,Макс-маркет,2024-9-11
419,424,273,77,Слива,Магнит,2023-9-13
420,425,222,64,Фасоль,Макс-маркет,2023-5-24
421,426,199,40,Перец,Макс-маркет,2023-11-1
422,427,108,62,Абрикос,Больше-меньше,2024-9-9
423,428,263,49,Мед,Больше-меньше,2024-7-23
424,429,190,69,Петрушка,Перекресток,2024-2-7
425,430,258,39,Кефир,Больше-меньше,2024-1-4
426,431,257,6,Мед,Пятерочка,2024-1-10
427,432,141,45,Апельсин,Магнит,2023-10-9
428,433,360,81,Соль,Перекресток,2024-9-3
429,434,16,84,Сырокопчености,Больше-меньше,2024-7-5
430,435,205,66,Сметана,Больше-меньше,2024-10-26
431,436,318,31,Клубника,Перекресток,2023-8-15
432,437,17,70,Картошка,Макс-маркет,2024-2-12
433,438,333,68,Соль,Макс-маркет,2023-1-28
434,439,102,13,Персик,Больше-меньше,2024-1-2
435,440,143,75,Хлеб,Магнит,2023-9-12
436,441,35,74,Огурец,Макс-маркет,2024-3-18
437,442,358,34,Груша,Макс-маркет,2023-6-11
438,443,169,25,Колбаса,Перекресток,2024-6-13
439,444,204,98,Петрушка,Перекресток,2023-2-26
440,445,75,16,Картофель,Лента,2024-4-21
441,446,159,87,Сосиски,Лента,2023-10-1
442,447,232,17,Апельсин,Макс-маркет,2024-7-12
443,448,233,83,Перец сладкий,Магнит,2023-1-9
444,449,236,6,Огурец,Лента,2024-5-27
445,450,57,57,Огурцы,Перекресток,2023-11-9
446,451,148,57,Мука,Перекресток,2024-3-13
447,452,265,96,Сникерс,Лента,2023-9-10
448,453,87,95,Молоко,Лента,2023-5-28
449,454,112,59,Вишня,Больше-меньше,2024-1-28
450,455,115,10,Морковь,Перекресток,2023-5-13
451,456,187,16,Лук,Макс-маркет,2024-11-28
452,457,39,69,Гречка,Лента,2024-9-1
453,458,5,19,Гречка,Лента,2023-9-5
454,459,60,7,Смородина,Больше-меньше,2024-2-9
455,460,210,41,Лук,Магнит,2024-8-27
456,461,166,54,Масло,Больше-меньше,2023-9-26
457,462,305,46,Масло,Макс-маркет,2023-3-11
458,463,161,99,Вишня,Магнит,2023-9-20
459,464,23,7,Масло,Перекресток,2023-7-23
460,465,30,84,Лимон,Больше-меньше,2023-6-2
461,466,20,47,Сливки,Больше-меньше,2024-3-19
462,467,42,38,Лимон,Больше-меньше,2023-9-14
463,468,192,47,Творог,Перекресток,2024-8-2
464,469,299,29,Свекла,Пятерочка,2023-2-23
465,470,343,21,Огурцы,Пятерочка,2024-9-23
466,471,113,95,Молоко,Макс-маркет,2023-9-18
467,472,272,50,Слива,Перекресток,2023-4-22
468,473,5,72,Яйца,Пятерочка,2023-3-26
469,474,339,69,Фасоль,Лента,2024-8-18
470,475,84,86,Сметана,Макс-маркет,2024-1-2
471,476,298,2,Белокочанная капуста,Магнит,2023-8-18
472,477,150,76,Абрикос,Макс-маркет,2024-3-19
473,478,9,24,Перец сладкий,Магнит,2023-3-4
474,479,316,6,Лимон,Лента,2023-8-18
475,480,191,13,Мед,Перекресток,2023-8-4
476,481,288,19,Мука,Макс-маркет,2024-2-15
477,482,125,26,Ветчина,Лента,2023-3-10
478,483,17,57,Баклажан,Магнит,2023-5-23
479,484,238,24,Ветчина,Макс-маркет,2023-5-14
480,485,316,55,Колбаса,Магнит,2023-1-11
481,486,166,12,Вишня,Перекресток,2024-4-10
482,487,5,63,Картофель,Перекресток,2024-2-18
483,488,207,16,Огурцы,Перекресток,2023-2-6
484,489,269,15,Сосиски,Макс-маркет,2023-6-8
485,490,278,10,Йогурт,Макс-маркет,2024-10-28
486,491,45,51,Огурцы,Макс-маркет,2023-11-4
487,492,124,68,Томаты,Макс-маркет,2024-6-21
488,493,8,72,Абрикос,Перекресток,2024-4-9
489,494,1,30,Баклажан,Магнит,2023-4-28
490,495,228,29,Перец сладкий,Пятерочка,2023-11-12
491,496,325,10,Мед,Макс-маркет,2024-2-20
492,497,276,88,Смородина,Перекресток,2023-2-27
493,498,203,53,Творог,Перекресток,2023-8-28
494,499,285,69,Картошка,Перекресток,2023-2-19
495,500,223,99,Смородина,Лента,2024-2-26
496,501,281,20,Йогурт,Перекресток,2024-2-17
497,502,171,43,Мед,Пятерочка,2023-7-22
498,503,102,79,Чеснок,Магнит,2024-3-14
499,504,126,21,Абрикос,Пятерочка,2023-6-18
500,505,133,34,Кефир,Макс-маркет,2023-10-14
501,506,328,7,Молоко,Магнит,2024-7-19
502,507,131,99,Сливки,Магнит,2023-1-19
503,508,168,87,Ветчина,Перекресток,2023-4-13
504,509,115,39,Соль,Пятерочка,2023-9-5
505,510,166,16,Баклажан,Лента,2024-6-8
506,511,1,37,Груша,Лента,2024-6-1
507,512,90,80,Груша,Лента,2023-10-5
508,513,106,23,Картофель,Лента,2023-5-19
509,514,17,61,Редис,Лента,2023-2-8
510,515,163,6,Помидоры,Магнит,2023-8-10
511,516,346,6,Огурцы,Пятерочка,2023-2-27
512,517,343,83,Мороженое,Макс-маркет,2024-2-4
513,518,232,66,Сникерс,Макс-маркет,2023-2-27
514,519,31,86,Кофе,Магнит,2024-5-25
515,520,188,36,Томаты,Макс-маркет,2024-8-2
516,521,94,35,Белокочанная капуста,Пятерочка,2024-5-8
517,522,132,6,Редис,Лента,2024-7-18
518,523,276,52,Томаты,Лента,2024-10-10
519,524,123,50,Огурцы,Перекресток,2023-8-24
520,525,359,51,Мороженое,Магнит,2024-10-6
521,526,18,37,Клубника,Перекресток,2023-4-23
522,527,144,18,Клубника,Макс-маркет,2024-9-10
523,528,104,36,Картошка,Макс-маркет,2023-5-17
524,529,257,91,Персик,Магнит,2023-11-28
525,530,0,34,Апельсин,Макс-маркет,2024-10-13
526,531,12,84,Клубника,Лента,2023-6-23
527,532,289,8,Огурец,Пятерочка,2023-4-22
528,533,279,50,Яблоко,Перекресток,2023-10-2
529,534,70,81,Яйца,Лента,2023-7-22
530,535,60,61,Творог,Лента,2023-2-17
531,536,14,50,Хлеб,Перекресток,2023-1-9
532,537,285,83,Клубника,Перекресток,2024-8-4
533,538,95,49,Капуста,Лента,2024-4-23
534,539,212,23,Милкис,Пятерочка,2024-8-13
535,540,178,5,Редька,Магнит,2023-10-2
536,541,133,64,Персик,Лента,2023-5-9
537,542,326,44,Сахар,Магнит,2024-8-26
538,543,83,80,Томаты,Пятерочка,2024-9-21
539,544,335,26,Редька,Перекресток,2023-9-26
540,545,323,49,Абрикос,Магнит,2024-1-17
541,546,125,97,Абрикос,Перекресток,2024-10-3
542,547,24,73,Огурцы,Макс-маркет,2023-7-18
543,548,331,91,Помидоры,Лента,2024-7-10
544,549,293,71,Лук,Макс-маркет,2023-7-8
545,550,47,51,Сырокопчености,Больше-меньше,2024-3-6
546,551,112,86,Смородина,Перекресток,2023-5-4
547,552,257,63,Кефир,Перекресток,2024-1-13
548,553,253,99,Редис,Перекресток,2023-8-1
549,554,86,38,Свекла,Магнит,2024-4-24
550,555,324,83,Персик,Лента,2023-6-19
551,556,309,3,Груша,Перекресток,2023-7-3
552,557,61,85,Сметана,Лента,2023-11-7
553,558,193,15,Перец,Пятерочка,2023-5-17
554,559,287,34,Милкис,Больше-меньше,2023-8-4
555,560,309,97,Сливки,Лента,2024-11-3
556,561,297,87,Сосиски,Магнит,2023-1-12
557,562,71,47,Сливки,Больше-меньше,2024-2-21
558,563,254,19,Слива,Больше-меньше,2024-7-28
559,564,225,46,Сахар,Магнит,2024-1-19
560,565,107,83,Мороженое,Пятерочка,2024-8-2
561,566,258,45,Молоко,Пятерочка,2024-6-25
562,567,103,18,Мороженое,Лента,2023-10-11
563,568,148,83,Баклажан,Пятерочка,2023-10-6
564,569,178,99,Лук,Больше-меньше,2023-11-19
565,570,339,75,Хлеб,Пятерочка,2023-8-26
566,571,2,33,Помидоры,Пятерочка,2024-10-25
567,572,172,48,Хлеб,Магнит,2024-4-11
568,573,102,51,Груша,Магнит,2024-5-6
569,574,282,77,Мука,Больше-меньше,2023-5-14
570,575,28,46,Клубника,Пятерочка,2023-7-1
571,576,185,81,Яйца,Перекресток,2023-1-5
572,577,120,94,Петрушка,Перекресток,2024-8-3
573,578,42,96,Капуста,Пятерочка,2024-5-9
574,579,301,59,Рис,Лента,2024-2-13
575,580,44,28,Укроп,Перекресток,2023-4-8
576,581,1,33,Лимон,Магнит,2024-8-22
577,582,293,63,Огурец,Лента,2023-11-5
578,583,286,69,Милкис,Лента,2024-7-11
579,584,59,30,Капуста,Перекресток,2023-6-10
580,585,70,1,Мясо,Магнит,2023-5-16
581,586,222,78,Перец,Перекресток,2023-10-25
582,587,104,85,Сахар,Больше-меньше,2024-7-5
583,588,348,89,Огурцы,Больше-меньше,2024-11-18
584,589,340,24,Сырокопчености,Магнит,2023-1-16
585,590,272,20,Клубника,Перекресток,2023-9-20
586,591,140,25,Мед,Перекресток,2023-6-8
587,592,315,44,Апельсин,Перекресток,2023-3-14
588,593,265,41,Милкис,Перекресток,2024-11-7
589,594,116,59,Вишня,Пятерочка,2023-3-4
590,595,300,8,Редька,Лента,2023-8-25
591,596,347,39,Зеленый горошек,Магнит,2024-8-16
592,597,137,44,Груша,Пятерочка,2023-6-15
593,598,134,33,Абрикос,Пятерочка,2023-7-22
594,599,245,20,Милкис,Магнит,2023-3-10
595,600,351,49,Мед,Макс-маркет,2023-11-16
596,601,166,80,Зеленый горошек,Магнит,2024-1-13
597,602,4,82,Гречка,Лента,2024-7-23
598,603,167,98,Перец,Магнит,2024-8-1
599,604,24,20,Огурцы,Пятерочка,2023-3-18
600,605,311,47,Лимон,Больше-меньше,2024-11-22
601,606,297,76,Мороженое,Больше-меньше,2024-11-27
602,607,149,76,Яблоко,Макс-маркет,2024-6-27
603,608,100,74,Петрушка,Перекресток,2023-5-21
604,609,136,64,Мясо,Лента,2024-7-15
605,610,122,46,Перец,Магнит,2023-4-5
606,611,312,5,Чай,Больше-меньше,2023-5-25
607,612,260,13,Чеснок,Макс-маркет,2023-6-27
608,613,53,19,Зеленый горошек,Лента,2024-9-12
609,614,34,6,Капуста,Перекресток,2024-3-2
610,615,44,84,Лук,Лента,2023-3-15
611,616,159,63,Соль,Макс-маркет,2023-10-26
612,617,30,84,Апельсин,Лента,2023-7-4
613,618,148,14,Огурец,Лента,2023-3-1
614,619,207,97,Морковь,Магнит,2024-11-27
615,620,193,47,Мука,Макс-маркет,2023-9-28
616,621,227,5,Гречка,Больше-меньше,2023-2-3
617,622,136,71,Укроп,Пятерочка,2023-11-7
618,623,217,3,Сахар,Макс-маркет,2024-9-22
619,624,361,24,Вишня,Магнит,2024-7-12
620,625,260,16,Сахар,Пятерочка,2023-1-20
621,626,28,75,Чай,Макс-маркет,2023-10-27
622,627,160,38,Гречка,Пятерочка,2023-7-5
623,628,58,14,Сырокопчености,Магнит,2024-11-17
624,629,97,62,Сосиски,Лента,2024-11-8
625,630,185,85,Рис,Лента,2023-9-11
626,631,42,51,Рис,Магнит,2023-3-14
627,632,225,47,Редис,Пятерочка,2023-8-11
628,633,75,70,Мороженое,Магнит,2024-4-16
629,634,200,29,Вишня,Лента,2023-8-21
630,635,113,98,Мед,Лента,2023-7-16
631,636,122,23,Свекла,Больше-меньше,2023-5-4
632,637,161,97,Кофе,Перекресток,2024-3-16
633,638,134,87,Лимон,Магнит,2024-11-23
634,639,221,13,Персик,Пятерочка,2023-6-24
635,640,33,14,Смородина,Магнит,2024-5-19
636,641,176,42,Капуста,Лента,2024-8-3
637,642,44,3,Чай,Пятерочка,2023-4-19
638,643,311,95,Огурец,Пятерочка,2024-9-13
639,644,269,94,Абрикос,Больше-меньше,2023-10-9
640,645,296,17,Капуста,Макс-маркет,2024-5-2
641,646,36,60,Помидоры,Перекресток,2023-7-6
642,647,229,87,Помидоры,Магнит,2023-6-5
643,648,74,38,Свекла,Перекресток,2023-5-18
644,649,260,84,Персик,Магнит,2023-4-21
645,650,123,69,Сосиски,Перекресток,2023-10-26
646,651,226,90,Редис,Лента,2023-11-22
647,652,247,87,Творог,Больше-меньше,2024-3-17
648,653,186,42,Помидоры,Пятерочка,2023-4-6
649,654,243,95,Хлеб,Пятерочка,2024-7-16
650,655,335,32,Гречка,Больше-меньше,2023-1-23
651,656,143,28,Картошка,Перекресток,2023-5-20
652,657,338,51,Смородина,Макс-маркет,2023-2-17
653,658,93,53,Мука,Лента,2023-8-11
654,659,33,97,Картофель,Перекресток,2023-1-9
655,660,249,19,Мороженое,Лента,2023-4-8
656,661,163,77,Кефир,Магнит,2024-3-12
657,662,159,52,Смородина,Пятерочка,2024-1-24
658,663,80,18,Груша,Пятерочка,2024-8-12
659,664,151,1,Апельсин,Макс-маркет,2023-5-1
660,665,46,7,Кофе,Перекресток,2023-11-11
661,666,271,43,Апельсин,Магнит,2023-5-13
662,667,242,32,Петрушка,Больше-меньше,2024-11-27
663,668,109,84,Мед,Перекресток,2023-11-18
664,669,299,32,Белокочанная капуста,Перекресток,2024-6-1
665,670,147,21,Томаты,Магнит,2024-1-4
666,671,311,62,Перец сладкий,Больше-меньше,2023-7-13
667,672,360,64,Помидоры,Больше-меньше,2024-7-9
668,673,220,91,Гречка,Больше-меньше,2024-11-22
669,674,172,68,Молоко,Магнит,2024-5-9
670,675,241,6,Творог,Лента,2023-1-19
671,676,126,81,Соль,Лента,2024-3-7
672,677,343,99,Петрушка,Пятерочка,2023-4-19
673,678,167,21,Сырокопчености,Лента,2023-2-1
674,679,213,98,Абрикос,Лента,2024-10-19
675,680,255,46,Капуста,Макс-маркет,2023-2-25
676,681,121,60,Хлеб,Больше-меньше,2024-10-13
677,682,300,88,Кофе,Магнит,2024-8-8
678,683,244,66,Слива,Магнит,2024-2-28
679,684,284,21,Гречка,Магнит,2024-4-10
680,685,112,38,Слива,Магнит,2024-10-21
681,686,143,33,Морковь,Пятерочка,2023-7-26
682,687,282,30,Персик,Макс-маркет,2023-1-18
683,688,268,94,Соль,Магнит,2023-5-9
684,689,298,71,Огурец,Макс-маркет,2024-10-9
685,690,6,77,Сливки,Лента,2024-8-5
686,691,317,59,Сметана,Магнит,2024-9-19
687,692,160,0,Помидоры,Больше-меньше,2023-8-19
688,693,214,55,Чай,Больше-меньше,2024-1-13
689,694,229,51,Рис,Больше-меньше,2024-6-10
690,695,16,26,Баклажан,Перекресток,2024-1-25
691,696,351,42,Клубника,Пятерочка,2024-9-17
692,697,278,85,Ветчина,Перекресток,2024-3-12
693,698,76,11,Соль,Больше-меньше,2023-4-14
694,699,303,58,Сникерс,Больше-меньше,2023-9-9
695,700,285,65,Сметана,Лента,2024-2-14
696,701,157,79,Йогурт,Лента,2023-1-23
697,702,10,29,Сникерс,Магнит,2023-7-3
698,703,83,71,Абрикос,Макс-маркет,2024-8-25
699,704,134,38,Фасоль,Больше-меньше,2023-5-8
700,705,355,56,Мука,Магнит,2023-10-17
701,706,336,32,Кефир,Пятерочка,2023-6-24
702,707,14,25,Мука,Магнит,2023-9-23
703,708,11,41,Сахар,Перекресток,2024-10-13
704,709,356,99,Морковь,Лента,2024-7-4
705,710,130,64,Молоко,Лента,2023-8-2
706,711,285,69,Персик,Магнит,2023-10-26
707,712,340,23,Абрикос,Лента,2024-4-11
708,713,347,95,Соль,Больше-меньше,2024-7-27
709,714,143,23,Гречка,Пятерочка,2024-3-21
710,715,148,33,Баклажан,Больше-меньше,2023-10-22
711,716,268,88,Яйца,Больше-меньше,2023-10-11
712,717,293,51,Милкис,Макс-маркет,2024-10-15
713,718,267,21,Соль,Больше-меньше,2023-7-14
714,719,145,27,Перец,Больше-меньше,2023-8-28
715,720,149,94,Мед,Пятерочка,2024-7-10
716,721,273,65,Молоко,Перекресток,2024-6-15
717,722,198,9,Сырокопчености,Больше-меньше,2024-3-9
718,723,14,14,Капуста,Магнит,2024-1-11
719,724,355,2,Баклажан,Макс-маркет,2024-8-14
720,725,164,98,Сырокопчености,Перекресток,2024-9-16
721,726,39,39,Чай,Макс-маркет,2024-2-18
722,727,99,22,Капуста,Лента,2024-7-27
723,728,321,18,Мороженое,Больше-меньше,2024-11-17
724,729,243,92,Рис,Магнит,2024-4-23
725,730,113,2,Лимон,Перекресток,2023-8-11
726,731,90,83,Мороженое,Магнит,2023-4-16
727,732,4,61,Гречка,Больше-меньше,2024-11-17
728,733,351,67,Картошка,Лента,2023-7-16
729,734,336,29,Гречка,Больше-меньше,2023-7-20
730,735,309,72,Кефир,Больше-меньше,2023-6-28
731,736,178,99,Зеленый горошек,Лента,2023-10-23
732,737,290,94,Белокочанная капуста,Пятерочка,2024-9-6
733,738,175,52,Свекла,Макс-маркет,2024-3-7
734,739,9,79,Колбаса,Больше-меньше,2024-6-8
735,740,205,80,Картошка,Лента,2023-1-5
736,741,113,26,Яйца,Магнит,2024-9-9
737,742,80,14,Гречка,Пятерочка,2024-8-14
738,743,23,85,Перец сладкий,Перекресток,2023-10-15
739,744,12,10,Соль,Пятерочка,2024-10-10
740,745,47,90,Сметана,Перекресток,2023-6-9
741,746,218,41,Сахар,Магнит,2023-11-9
742,747,199,14,Перец,Перекресток,2024-11-26
743,748,328,2,Чеснок,Больше-меньше,2024-10-17
744,749,260,45,Редис,Перекресток,2023-8-20
745,750,95,13,Сливки,Пятерочка,2024-11-28
746,751,169,78,Кефир,Пятерочка,2024-3-2
747,752,110,26,Чеснок,Магнит,2024-1-16
748,753,16,15,Редис,Макс-маркет,2024-10-3
749,754,73,1,Картошка,Лента,2024-7-22
750,755,354,79,Милкис,Магнит,2024-1-23
751,756,277,66,Сосиски,Перекресток,2024-9-22
752,757,299,44,Бекон,Перекресток,2024-9-17
753,758,19,57,Милкис,Перекресток,2024-11-6
754,759,109,36,Яблоко,Пятерочка,2024-6-19
755,760,171,4,Милкис,Магнит,2024-9-27
756,761,4,21,Капуста,Магнит,2023-2-4
757,762,330,76,Смородина,Лента,2023-9-4
758,763,200,80,Груша,Пятерочка,2023-11-13
759,764,225,41,Баклажан,Больше-меньше,2023-9-6
760,765,41,28,Огурцы,Магнит,2024-10-20
761,766,213,98,Мороженое,Макс-маркет,2024-5-27
762,767,230,70,Редька,Пятерочка,2024-7-14
763,768,78,66,Мясо,Больше-меньше,2024-4-6
764,769,278,31,Мясо,Лента,2024-10-27
765,770,101,79,Помидоры,Макс-маркет,2023-11-25
766,771,120,53,Лук,Магнит,2023-6-1
767,772,237,62,Зеленый горошек,Магнит,2023-11-3
768,773,244,21,Хлеб,Пятерочка,2023-1-21
769,774,156,74,Картофель,Лента,2024-9-14
770,775,112,96,Сметана,Лента,2023-7-28
771,776,189,25,Слива,Больше-меньше,2023-8-16
772,777,149,3,Чеснок,Перекресток,2024-4-13
773,778,174,19,Сливки,Лента,2023-9-1
774,779,339,86,Ветчина,Магнит,2024-2-21
775,780,17,66,Клубника,Перекресток,2024-1-19
776,781,15,32,Фасоль,Больше-меньше,2023-10-11
777,782,262,68,Смородина,Пятерочка,2023-11-16
778,783,258,24,Картофель,Перекресток,2024-10-2
779,784,281,59,Сахар,Магнит,2023-10-9
780,785,346,62,Мед,Магнит,2024-4-19
781,786,9,96,Йогурт,Пятерочка,2023-7-1
782,787,350,80,Гречка,Лента,2023-10-26
783,788,59,3,Бекон,Магнит,2024-1-11
784,789,163,92,Абрикос,Макс-маркет,2023-5-28
785,790,72,65,Редька,Больше-меньше,2024-6-10
786,791,339,9,Рис,Макс-маркет,2023-7-18
787,792,55,83,Чай,Пятерочка,2024-9-20
788,793,63,21,Вишня,Макс-маркет,2024-10-13
789,794,224,38,Сахар,Больше-меньше,2023-10-13
790,795,161,56,Персик,Больше-меньше,2023-9-22
791,796,353,11,Помидоры,Перекресток,2023-5-15
792,797,186,54,Перец,Больше-меньше,2024-11-8
793,798,103,46,Масло,Макс-маркет,2024-4-27
794,799,106,82,Рис,Макс-маркет,2024-7-13
795,800,211,60,Укроп,Макс-маркет,2023-8-24
796,801,151,87,Сосиски,Лента,2024-1-10
797,802,13,17,Вишня,Лента,2024-4-26
798,803,61,67,Морковь,Перекресток,2023-4-18
799,804,326,5,Хлеб,Больше-меньше,2024-4-2
800,805,170,48,Фасоль,Макс-маркет,2023-6-28
801,806,38,8,Огурцы,Лента,2023-10-6
802,807,359,15,Персик,Пятерочка,2024-8-25
803,808,123,18,Яблоко,Пятерочка,2023-1-5
804,809,111,72,Гречка,Лента,2024-2-2
805,810,27,95,Белокочанная капуста,Перекресток,2023-10-5
806,811,152,97,Чеснок,Пятерочка,2024-2-17
807,812,108,22,Картошка,Лента,2024-3-4
808,813,24,13,Сахар,Пятерочка,2023-4-19
809,814,60,73,Ветчина,Макс-маркет,2024-7-22
810,815,353,23,Колбаса,Пятерочка,2024-8-20
811,816,214,50,Мороженое,Больше-меньше,2023-7-11
812,817,121,47,Петрушка,Магнит,2023-7-11
813,818,100,44,Морковь,Пятерочка,2024-7-1
814,819,226,43,Перец,Перекресток,2023-1-25
815,820,135,21,Абрикос,Перекресток,2024-10-24
816,821,61,3,Мука,Макс-маркет,2024-4-7
817,822,173,98,Петрушка,Макс-маркет,2023-11-2
818,823,2,12,Зеленый горошек,Магнит,2023-11-22
819,824,104,32,Редис,Пятерочка,2023-2-13
820,825,173,26,Редька,Больше-меньше,2024-7-21
821,826,88,90,Свекла,Пятерочка,2023-1-10
822,827,246,95,Чеснок,Лента,2024-11-28
823,828,188,47,Редька,Перекресток,2024-5-9
824,829,322,37,Масло,Магнит,2024-8-20
825,830,34,14,Груша,Перекресток,2023-4-26
826,831,79,32,Чеснок,Лента,2023-4-25
827,832,41,22,Сырокопчености,Пятерочка,2024-11-16
828,833,17,33,Капуста,Макс-маркет,2024-8-1
829,834,214,58,Чай,Макс-маркет,2023-4-2
830,835,200,48,Баклажан,Макс-маркет,2024-7-15
831,836,29,90,Яйца,Перекресток,2023-6-2
832,837,262,35,Абрикос,Макс-маркет,2024-10-28
833,838,63,80,Колбаса,Макс-маркет,2024-3-10
834,839,250,76,Чай,Магнит,2024-5-6
835,840,104,27,Сырокопчености,Лента,2023-7-8
836,841,351,6,Помидоры,Лента,2024-4-22
837,842,252,67,Лук,Лента,2023-9-12
838,843,251,26,Мука,Пятерочка,2023-3-17
839,844,221,13,Апельсин,Пятерочка,2023-7-25
840,845,81,78,Сникерс,Макс-маркет,2024-8-5
841,846,60,71,Фасоль,Магнит,2023-4-10
842,847,142,82,Кофе,Макс-маркет,2023-11-19
843,848,94,52,Лук,Перекресток,2023-9-9
844,849,231,21,Зеленый горошек,Пятерочка,2024-9-18
845,850,264,57,Сырокопчености,Больше-меньше,2024-10-5
846,851,146,48,Томаты,Лента,2023-6-5
847,852,266,43,Чай,Магнит,2024-6-9
848,853,235,53,Кофе,Пятерочка,2023-9-23
849,854,243,65,Чеснок,Макс-маркет,2024-6-12
850,855,334,27,Редис,Перекресток,2024-3-18
851,856,153,27,Мука,Лента,2024-2-5
852,857,140,49,Молоко,Перекресток,2023-4-26
853,858,358,45,Абрикос,Магнит,2024-1-3
854,859,273,70,Картофель,Пятерочка,2023-9-26
855,860,53,89,Мед,Лента,2023-10-5
856,861,82,59,Кофе,Макс-маркет,2024-9-25
857,862,297,78,Мясо,Макс-маркет,2023-9-2
858,863,30,38,Зеленый горошек,Перекресток,2024-11-13
859,864,330,33,Кефир,Макс-маркет,2024-5-19
860,865,172,2,Лимон,Перекресток,2024-3-24
861,866,179,93,Лимон,Магнит,2023-6-25
862,867,44,46,Смородина,Лента,2024-6-15
863,868,240,54,Сникерс,Макс-маркет,2023-11-6
864,869,157,27,Мука,Перекресток,2023-6-23
865,870,153,26,Смородина,Магнит,2024-4-15
866,871,184,10,Редька,Пятерочка,2023-5-17
867,872,30,41,Йогурт,Пятерочка,2024-3-18
868,873,11,56,Клубника,Перекресток,2023-6-1
869,874,264,88,Клубника,Макс-маркет,2023-3-9
870,875,106,33,Чеснок,Макс-маркет,2023-3-5
871,876,305,11,Творог,Макс-маркет,2024-10-6
872,877,258,78,Абрикос,Макс-маркет,2023-8-1
873,878,336,15,Хлеб,Макс-маркет,2024-9-21
874,879,107,92,Сахар,Пятерочка,2024-4-12
875,880,276,25,Масло,Лента,2024-1-6
876,881,355,71,Яйца,Пятерочка,2024-3-21
877,882,4,94,Картофель,Макс-маркет,2024-4-25
878,883,249,77,Мороженое,Лента,2024-11-9
879,884,291,22,Картофель,Перекресток,2024-10-13
880,885,82,39,Сметана,Макс-маркет,2023-2-15
881,886,37,13,Петрушка,Больше-меньше,2024-11-22
882,887,90,12,Укроп,Магнит,2023-4-16
883,888,89,65,Сливки,Макс-маркет,2024-2-1
884,889,187,87,Редька,Лента,2024-7-25
885,890,316,86,Фасоль,Перекресток,2024-5-23
886,891,320,68,Клубника,Перекресток,2023-11-2
887,892,302,75,Сникерс,Магнит,2023-10-27
888,893,13,10,Чай,Больше-меньше,2024-9-6
889,894,127,52,Хлеб,Пятерочка,2023-6-14
890,895,216,77,Сосиски,Макс-маркет,2024-8-10
891,896,75,73,Лимон,Больше-меньше,2023-3-28
892,897,250,26,Петрушка,Магнит,2024-6-19
893,898,157,21,Рис,Перекресток,2024-2-23
894,899,355,55,Апельсин,Пятерочка,2024-8-19
895,900,250,52,Вишня,Макс-маркет,2023-6-27
896,901,28,65,Творог,Больше-меньше,2023-4-13
897,902,265,6,Слива,Больше-меньше,2024-10-18
898,903,239,71,Сникерс,Макс-маркет,2024-5-16
899,904,233,21,Мед,Пятерочка,2023-8-14
900,905,77,25,Редис,Перекресток,2023-3-13
901,906,4,23,Баклажан,Магнит,2023-7-25
902,907,253,26,Огурец,Перекресток,2023-1-14
903,908,326,35,Масло,Больше-меньше,2024-6-11
904,909,45,84,Слива,Лента,2024-9-17
905,910,101,59,Груша,Пятерочка,2024-2-20
906,911,340,74,Рис,Лента,2023-3-17
907,912,326,41,Сливки,Лента,2023-11-8
908,913,85,41,Морковь,Пятерочка,2023-8-25
909,914,99,35,Апельсин,Больше-меньше,2023-6-18
910,915,155,90,Сникерс,Пятерочка,2023-11-8
911,916,248,47,Лимон,Макс-маркет,2023-11-22
912,917,53,71,Помидоры,Перекресток,2023-11-5
913,918,210,84,Персик,Больше-меньше,2024-8-5
914,919,6,80,Персик,Макс-маркет,2024-3-22
915,920,264,8,Слива,Перекресток,2023-8-2
916,921,163,49,Огурцы,Лента,2024-3-17
917,922,142,53,Огурцы,Пятерочка,2023-1-28
918,923,237,26,Персик,Пятерочка,2024-8-7
919,924,83,18,Свекла,Перекресток,2024-9-21
920,925,355,73,Гречка,Лента,2023-8-1
921,926,288,8,Лук,Пятерочка,2024-7-2
922,927,304,58,Хлеб,Макс-маркет,2023-8-10
923,928,281,13,Яблоко,Пятерочка,2023-5-17
924,929,122,14,Картофель,Перекресток,2024-3-9
925,930,355,58,Сырокопчености,Макс-маркет,2024-11-12
926,931,167,25,Вишня,Больше-меньше,2023-2-23
927,932,149,78,Белокочанная капуста,Перекресток,2024-2-10
928,933,183,5,Лимон,Лента,2024-5-18
929,934,110,66,Кефир,Пятерочка,2024-5-12
930,935,130,66,Груша,Макс-маркет,2024-9-15
931,936,358,49,Сахар,Пятерочка,2024-3-22
932,937,240,6,Сырокопчености,Лента,2023-10-12
933,938,348,10,Фасоль,Лента,2023-10-8
934,939,321,67,Творог,Макс-маркет,2023-6-1
935,940,283,1,Свекла,Лента,2024-8-18
936,941,113,92,Рис,Перекресток,2024-1-25
937,942,148,99,Сникерс,Перекресток,2023-8-2
938,943,311,82,Капуста,Перекресток,2024-7-17
939,944,324,97,Молоко,Перекресток,2024-9-8
940,945,347,85,Баклажан,Макс-маркет,2024-11-11
941,946,214,8,Огурцы,Больше-меньше,2023-3-3
942,947,148,0,Творог,Больше-меньше,2023-11-4
943,948,151,41,Укроп,Перекресток,2023-11-21
944,949,42,9,Сникерс,Пятерочка,2023-6-25
945,950,77,82,Мясо,Магнит,2024-5-8
946,951,304,78,Сосиски,Макс-маркет,2024-9-28
947,952,207,70,Мед,Пятерочка,2023-10-17
948,953,246,2,Йогурт,Магнит,2023-3-22
949,954,20,97,Колбаса,Больше-меньше,2024-1-22
950,955,60,90,Мясо,Перекресток,2024-9-26
951,956,345,62,Груша,Лента,2024-1-8
952,957,256,46,Мед,Больше-меньше,2024-10-10
953,958,162,42,Мед,Магнит,2024-8-9
954,959,160,57,Яблоко,Больше-меньше,2024-9-10
955,960,269,36,Йогурт,Больше-меньше,2024-1-17
956,961,350,14,Бекон,Больше-меньше,2023-3-5
957,962,38,87,Томаты,Магнит,2024-10-11
958,963,279,38,Редис,Макс-маркет,2023-6-11
959,964,177,94,Мороженое,Пятерочка,2023-4-4
960,965,86,85,Гречка,Пятерочка,2024-1-25
961,966,356,86,Мед,Магнит,2023-5-12
962,967,303,83,Кофе,Магнит,2024-5-16
963,968,274,38,Картошка,Больше-меньше,2024-1-26
964,969,51,36,Кефир,Перекресток,2024-11-20
965,970,100,72,Сырокопчености,Перекресток,2023-1-1
966,971,226,79,Хлеб,Пятерочка,2023-5-14
967,972,233,47,Кефир,Больше-меньше,2023-6-4
968,973,40,31,Сырокопчености,Перекресток,2023-1-17
969,974,232,11,Слива,Больше-меньше,2024-9-11
970,975,82,66,Милкис,Макс-маркет,2023-5-18
971,976,0,27,Сникерс,Макс-маркет,2023-10-21
972,977,161,74,Мука,Лента,2024-1-16
973,978,304,74,Огурцы,Магнит,2024-6-3
974,979,225,28,Огурцы,Лента,2023-9-24
975,980,297,21,Картошка,Макс-маркет,2023-3-27
976,981,215,16,Томаты,Пятерочка,2023-9-12
977,982,301,84,Гречка,Пятерочка,2023-2-7
978,983,257,11,Мясо,Пятерочка,2024-9-26
979,984,152,33,Сметана,Макс-маркет,2023-11-28
980,985,174,79,Томаты,Больше-меньше,2023-11-28
981,986,133,1,Картошка,Пятерочка,2023-3-17
982,987,20,97,Кефир,Пятерочка,2024-11-28
983,988,65,87,Ветчина,Больше-меньше,2023-11-15
984,989,250,37,Зеленый горошек,Макс-маркет,2023-9-19
985,990,338,22,Белокочанная капуста,Больше-меньше,2024-10-1
986,991,56,86,Йогурт,Лента,2023-3-8
987,992,167,94,Гречка,Лента,2023-3-20
988,993,70,87,Рис,Лента,2023-5-18
989,994,343,26,Чай,Перекресток,2024-4-14
990,995,60,28,Рис,Магнит,2023-11-15
991,996,69,85,Милкис,Магнит,2023-11-28
992,997,125,25,Помидоры,Магнит,2024-2-24
993,998,208,28,Редис,Лента,2024-5-19
994,999,42,83,Слива,Больше-меньше,2024-11-8
995,1000,111,70,Баклажан,Перекресток,2024-11-5
996,1001,297,36,Редька,Макс-маркет,2024-8-26
997,1002,44,74,Помидоры,Магнит,2023-3-26
998,1003,83,34,Огурец,Лента,2023-1-3
999,1004,316,1,Огурец,Магнит,2024-10-26
1000,1005,264,88,Лук,Лента,2024-3-2
